<?xml version="1.0" encoding="UTF-8"?>
<classpath>
	<classpathentry kind="con" path="org.eclipse.jdt.launching.JRE_CONTAINER/org.eclipse.jdt.internal.debug.ui.launcher.StandardVMType/JavaSE-1.8"/>
	<classpathentry kind="src" path="src"/>
	<classpathentry kind="lib" path="/home/iotlab/kafka/libs/zookeeper-3.4.9.jar"/>
	<classpathentry kind="lib" path="/home/iotlab/kafka/libs/zkclient-0.10.jar"/>
	<classpathentry kind="lib" path="/home/iotlab/kafka/libs/validation-api-1.1.0.Final.jar"/>
	<classpathentry kind="lib" path="/home/iotlab/kafka/libs/spark-streaming-kafka-0-10_2.11-2.2.0.jar"/>
	<classpathentry kind="lib" path="/home/iotlab/kafka/libs/snappy-java-1.1.2.6.jar"/>
	<classpathentry kind="lib" path="/home/iotlab/kafka/libs/slf4j-log4j12-1.7.21.jar"/>
	<classpathentry kind="lib" path="/home/iotlab/kafka/libs/slf4j-api-1.7.21.jar"/>
	<classpathentry kind="lib" path="/home/iotlab/kafka/libs/scala-parser-combinators_2.11-1.0.4.jar"/>
	<classpathentry kind="lib" path="/home/iotlab/kafka/libs/scala-library-2.11.8.jar"/>
	<classpathentry kind="lib" path="/home/iotlab/kafka/libs/rocksdbjni-5.0.1.jar"/>
	<classpathentry kind="lib" path="/home/iotlab/kafka/libs/reflections-0.9.10.jar"/>
	<classpathentry kind="lib" path="/home/iotlab/kafka/libs/osgi-resource-locator-1.0.1.jar"/>
	<classpathentry kind="lib" path="/home/iotlab/kafka/libs/mongo-java-driver-3.6.2.jar"/>
	<classpathentry kind="lib" path="/home/iotlab/kafka/libs/metrics-core-2.2.0.jar"/>
	<classpathentry kind="lib" path="/home/iotlab/kafka/libs/lz4-1.3.0.jar"/>
	<classpathentry kind="lib" path="/home/iotlab/kafka/libs/log4j-1.2.17.jar"/>
	<classpathentry kind="lib" path="/home/iotlab/kafka/libs/kafka-tools-0.10.2.1.jar"/>
	<classpathentry kind="lib" path="/home/iotlab/kafka/libs/kafka-streams-examples-0.10.2.1.jar"/>
	<classpathentry kind="lib" path="/home/iotlab/kafka/libs/kafka-streams-0.10.2.1.jar"/>
	<classpathentry kind="lib" path="/home/iotlab/kafka/libs/kafka-log4j-appender-0.10.2.1.jar"/>
	<classpathentry kind="lib" path="/home/iotlab/kafka/libs/kafka-clients-0.10.2.1.jar"/>
	<classpathentry kind="lib" path="/home/iotlab/kafka/libs/kafka_2.11-0.10.2.1-test-sources.jar"/>
	<classpathentry kind="lib" path="/home/iotlab/kafka/libs/kafka_2.11-0.10.2.1-test.jar"/>
	<classpathentry kind="lib" path="/home/iotlab/kafka/libs/kafka_2.11-0.10.2.1-sources.jar"/>
	<classpathentry kind="lib" path="/home/iotlab/kafka/libs/kafka_2.11-0.10.2.1-scaladoc.jar"/>
	<classpathentry kind="lib" path="/home/iotlab/kafka/libs/kafka_2.11-0.10.2.1-javadoc.jar"/>
	<classpathentry kind="lib" path="/home/iotlab/kafka/libs/kafka_2.11-0.10.2.1.jar"/>
	<classpathentry kind="lib" path="/home/iotlab/kafka/libs/jopt-simple-5.0.3.jar"/>
	<classpathentry kind="lib" path="/home/iotlab/kafka/libs/jetty-util-9.2.15.v20160210.jar"/>
	<classpathentry kind="lib" path="/home/iotlab/kafka/libs/jetty-servlets-9.2.15.v20160210.jar"/>
	<classpathentry kind="lib" path="/home/iotlab/kafka/libs/jetty-servlet-9.2.15.v20160210.jar"/>
	<classpathentry kind="lib" path="/home/iotlab/kafka/libs/jetty-server-9.2.15.v20160210.jar"/>
	<classpathentry kind="lib" path="/home/iotlab/kafka/libs/jetty-security-9.2.15.v20160210.jar"/>
	<classpathentry kind="lib" path="/home/iotlab/kafka/libs/jetty-io-9.2.15.v20160210.jar"/>
	<classpathentry kind="lib" path="/home/iotlab/kafka/libs/jetty-http-9.2.15.v20160210.jar"/>
	<classpathentry kind="lib" path="/home/iotlab/kafka/libs/jetty-continuation-9.2.15.v20160210.jar"/>
	<classpathentry kind="lib" path="/home/iotlab/kafka/libs/jersey-server-2.24.jar"/>
	<classpathentry kind="lib" path="/home/iotlab/kafka/libs/jersey-media-jaxb-2.24.jar"/>
	<classpathentry kind="lib" path="/home/iotlab/kafka/libs/jersey-guava-2.24.jar"/>
	<classpathentry kind="lib" path="/home/iotlab/kafka/libs/jersey-container-servlet-core-2.24.jar"/>
	<classpathentry kind="lib" path="/home/iotlab/kafka/libs/jersey-container-servlet-2.24.jar"/>
	<classpathentry kind="lib" path="/home/iotlab/kafka/libs/jersey-common-2.24.jar"/>
	<classpathentry kind="lib" path="/home/iotlab/kafka/libs/jersey-client-2.24.jar"/>
	<classpathentry kind="lib" path="/home/iotlab/kafka/libs/javax.ws.rs-api-2.0.1.jar"/>
	<classpathentry kind="lib" path="/home/iotlab/kafka/libs/javax.servlet-api-3.1.0.jar"/>
	<classpathentry kind="lib" path="/home/iotlab/kafka/libs/javax.inject-2.5.0-b05.jar"/>
	<classpathentry kind="lib" path="/home/iotlab/kafka/libs/javax.inject-1.jar"/>
	<classpathentry kind="lib" path="/home/iotlab/kafka/libs/javax.annotation-api-1.2.jar"/>
	<classpathentry kind="lib" path="/home/iotlab/kafka/libs/javassist-3.20.0-GA.jar"/>
	<classpathentry kind="lib" path="/home/iotlab/kafka/libs/jackson-module-jaxb-annotations-2.8.5.jar"/>
	<classpathentry kind="lib" path="/home/iotlab/kafka/libs/jackson-jaxrs-json-provider-2.8.5.jar"/>
	<classpathentry kind="lib" path="/home/iotlab/kafka/libs/jackson-jaxrs-base-2.8.5.jar"/>
	<classpathentry kind="lib" path="/home/iotlab/kafka/libs/jackson-databind-2.8.5.jar"/>
	<classpathentry kind="lib" path="/home/iotlab/kafka/libs/jackson-core-2.8.5.jar"/>
	<classpathentry kind="lib" path="/home/iotlab/kafka/libs/jackson-annotations-2.8.5.jar"/>
	<classpathentry kind="lib" path="/home/iotlab/kafka/libs/jackson-annotations-2.8.0.jar"/>
	<classpathentry kind="lib" path="/home/iotlab/kafka/libs/hk2-utils-2.5.0-b05.jar"/>
	<classpathentry kind="lib" path="/home/iotlab/kafka/libs/hk2-locator-2.5.0-b05.jar"/>
	<classpathentry kind="lib" path="/home/iotlab/kafka/libs/hk2-api-2.5.0-b05.jar"/>
	<classpathentry kind="lib" path="/home/iotlab/kafka/libs/guava-18.0.jar"/>
	<classpathentry kind="lib" path="/home/iotlab/kafka/libs/connect-transforms-0.10.2.1.jar"/>
	<classpathentry kind="lib" path="/home/iotlab/kafka/libs/connect-runtime-0.10.2.1.jar"/>
	<classpathentry kind="lib" path="/home/iotlab/kafka/libs/connect-json-0.10.2.1.jar"/>
	<classpathentry kind="lib" path="/home/iotlab/kafka/libs/connect-file-0.10.2.1.jar"/>
	<classpathentry kind="lib" path="/home/iotlab/kafka/libs/connect-api-0.10.2.1.jar"/>
	<classpathentry kind="lib" path="/home/iotlab/kafka/libs/argparse4j-0.7.0.jar"/>
	<classpathentry kind="lib" path="/home/iotlab/kafka/libs/aopalliance-repackaged-2.5.0-b05.jar"/>
	<classpathentry kind="output" path="bin"/>
</classpath>
