<?xml version="1.0" encoding="UTF-8"?>
<classpath>
	<classpathentry kind="con" path="org.eclipse.jdt.launching.JRE_CONTAINER/org.eclipse.jdt.internal.debug.ui.launcher.StandardVMType/JavaSE-1.8"/>
	<classpathentry kind="src" path="src"/>
	<classpathentry kind="lib" path="/home/iotlab/spark-2.1.1-bin-hadoop2.7/jars/zookeeper-3.4.6.jar"/>
	<classpathentry kind="lib" path="/home/iotlab/spark-2.1.1-bin-hadoop2.7/jars/xz-1.0.jar"/>
	<classpathentry kind="lib" path="/home/iotlab/spark-2.1.1-bin-hadoop2.7/jars/xmlenc-0.52.jar"/>
	<classpathentry kind="lib" path="/home/iotlab/spark-2.1.1-bin-hadoop2.7/jars/xercesImpl-2.9.1.jar"/>
	<classpathentry kind="lib" path="/home/iotlab/spark-2.1.1-bin-hadoop2.7/jars/xbean-asm5-shaded-4.4.jar"/>
	<classpathentry kind="lib" path="/home/iotlab/spark-2.1.1-bin-hadoop2.7/jars/validation-api-1.1.0.Final.jar"/>
	<classpathentry kind="lib" path="/home/iotlab/spark-2.1.1-bin-hadoop2.7/jars/univocity-parsers-2.2.1.jar"/>
	<classpathentry kind="lib" path="/home/iotlab/spark-2.1.1-bin-hadoop2.7/jars/super-csv-2.2.0.jar"/>
	<classpathentry kind="lib" path="/home/iotlab/spark-2.1.1-bin-hadoop2.7/jars/stringtemplate-3.2.1.jar"/>
	<classpathentry kind="lib" path="/home/iotlab/spark-2.1.1-bin-hadoop2.7/jars/stream-2.7.0.jar"/>
	<classpathentry kind="lib" path="/home/iotlab/spark-2.1.1-bin-hadoop2.7/jars/stax-api-1.0-2.jar"/>
	<classpathentry kind="lib" path="/home/iotlab/spark-2.1.1-bin-hadoop2.7/jars/stax-api-1.0.1.jar"/>
	<classpathentry kind="lib" path="/home/iotlab/spark-2.1.1-bin-hadoop2.7/jars/ST4-4.0.4.jar"/>
	<classpathentry kind="lib" path="/home/iotlab/spark-2.1.1-bin-hadoop2.7/jars/spire-macros_2.11-0.7.4.jar"/>
	<classpathentry kind="lib" path="/home/iotlab/spark-2.1.1-bin-hadoop2.7/jars/spire_2.11-0.7.4.jar"/>
	<classpathentry kind="lib" path="/home/iotlab/spark-2.1.1-bin-hadoop2.7/jars/spark-yarn_2.11-2.1.1.jar"/>
	<classpathentry kind="lib" path="/home/iotlab/spark-2.1.1-bin-hadoop2.7/jars/spark-unsafe_2.11-2.1.1.jar"/>
	<classpathentry kind="lib" path="/home/iotlab/spark-2.1.1-bin-hadoop2.7/jars/spark-tags_2.11-2.1.1.jar"/>
	<classpathentry kind="lib" path="/home/iotlab/spark-2.1.1-bin-hadoop2.7/jars/spark-streaming_2.11-2.1.1.jar"/>
	<classpathentry kind="lib" path="/home/iotlab/spark-2.1.1-bin-hadoop2.7/jars/spark-sql_2.11-2.1.1.jar"/>
	<classpathentry kind="lib" path="/home/iotlab/spark-2.1.1-bin-hadoop2.7/jars/spark-sketch_2.11-2.1.1.jar"/>
	<classpathentry kind="lib" path="/home/iotlab/spark-2.1.1-bin-hadoop2.7/jars/spark-repl_2.11-2.1.1.jar"/>
	<classpathentry kind="lib" path="/home/iotlab/spark-2.1.1-bin-hadoop2.7/jars/spark-network-shuffle_2.11-2.1.1.jar"/>
	<classpathentry kind="lib" path="/home/iotlab/spark-2.1.1-bin-hadoop2.7/jars/spark-network-common_2.11-2.1.1.jar"/>
	<classpathentry kind="lib" path="/home/iotlab/spark-2.1.1-bin-hadoop2.7/jars/spark-mllib-local_2.11-2.1.1.jar"/>
	<classpathentry kind="lib" path="/home/iotlab/spark-2.1.1-bin-hadoop2.7/jars/spark-mllib_2.11-2.1.1.jar"/>
	<classpathentry kind="lib" path="/home/iotlab/spark-2.1.1-bin-hadoop2.7/jars/spark-mesos_2.11-2.1.1.jar"/>
	<classpathentry kind="lib" path="/home/iotlab/spark-2.1.1-bin-hadoop2.7/jars/spark-launcher_2.11-2.1.1.jar"/>
	<classpathentry kind="lib" path="/home/iotlab/spark-2.1.1-bin-hadoop2.7/jars/spark-hive-thriftserver_2.11-2.1.1.jar"/>
	<classpathentry kind="lib" path="/home/iotlab/spark-2.1.1-bin-hadoop2.7/jars/spark-hive_2.11-2.1.1.jar"/>
	<classpathentry kind="lib" path="/home/iotlab/spark-2.1.1-bin-hadoop2.7/jars/spark-graphx_2.11-2.1.1.jar"/>
	<classpathentry kind="lib" path="/home/iotlab/spark-2.1.1-bin-hadoop2.7/jars/spark-core_2.11-2.1.1.jar"/>
	<classpathentry kind="lib" path="/home/iotlab/spark-2.1.1-bin-hadoop2.7/jars/spark-catalyst_2.11-2.1.1.jar"/>
	<classpathentry kind="lib" path="/home/iotlab/spark-2.1.1-bin-hadoop2.7/jars/snappy-java-1.1.2.6.jar"/>
	<classpathentry kind="lib" path="/home/iotlab/spark-2.1.1-bin-hadoop2.7/jars/snappy-0.2.jar"/>
	<classpathentry kind="lib" path="/home/iotlab/spark-2.1.1-bin-hadoop2.7/jars/slf4j-log4j12-1.7.16.jar"/>
	<classpathentry kind="lib" path="/home/iotlab/spark-2.1.1-bin-hadoop2.7/jars/slf4j-api-1.7.16.jar"/>
	<classpathentry kind="lib" path="/home/iotlab/spark-2.1.1-bin-hadoop2.7/jars/shapeless_2.11-2.0.0.jar"/>
	<classpathentry kind="lib" path="/home/iotlab/spark-2.1.1-bin-hadoop2.7/jars/scala-xml_2.11-1.0.2.jar"/>
	<classpathentry kind="lib" path="/home/iotlab/spark-2.1.1-bin-hadoop2.7/jars/scala-reflect-2.11.8.jar"/>
	<classpathentry kind="lib" path="/home/iotlab/spark-2.1.1-bin-hadoop2.7/jars/scala-parser-combinators_2.11-1.0.4.jar"/>
	<classpathentry kind="lib" path="/home/iotlab/spark-2.1.1-bin-hadoop2.7/jars/scalap-2.11.8.jar"/>
	<classpathentry kind="lib" path="/home/iotlab/spark-2.1.1-bin-hadoop2.7/jars/scala-library-2.11.8.jar"/>
	<classpathentry kind="lib" path="/home/iotlab/spark-2.1.1-bin-hadoop2.7/jars/scala-compiler-2.11.8.jar"/>
	<classpathentry kind="lib" path="/home/iotlab/spark-2.1.1-bin-hadoop2.7/jars/RoaringBitmap-0.5.11.jar"/>
	<classpathentry kind="lib" path="/home/iotlab/spark-2.1.1-bin-hadoop2.7/jars/pyrolite-4.13.jar"/>
	<classpathentry kind="lib" path="/home/iotlab/spark-2.1.1-bin-hadoop2.7/jars/py4j-0.10.4.jar"/>
	<classpathentry kind="lib" path="/home/iotlab/spark-2.1.1-bin-hadoop2.7/jars/protobuf-java-2.5.0.jar"/>
	<classpathentry kind="lib" path="/home/iotlab/spark-2.1.1-bin-hadoop2.7/jars/pmml-schema-1.2.15.jar"/>
	<classpathentry kind="lib" path="/home/iotlab/spark-2.1.1-bin-hadoop2.7/jars/pmml-model-1.2.15.jar"/>
	<classpathentry kind="lib" path="/home/iotlab/spark-2.1.1-bin-hadoop2.7/jars/parquet-jackson-1.8.1.jar"/>
	<classpathentry kind="lib" path="/home/iotlab/spark-2.1.1-bin-hadoop2.7/jars/parquet-hadoop-bundle-1.6.0.jar"/>
	<classpathentry kind="lib" path="/home/iotlab/spark-2.1.1-bin-hadoop2.7/jars/parquet-hadoop-1.8.1.jar"/>
	<classpathentry kind="lib" path="/home/iotlab/spark-2.1.1-bin-hadoop2.7/jars/parquet-format-2.3.0-incubating.jar"/>
	<classpathentry kind="lib" path="/home/iotlab/spark-2.1.1-bin-hadoop2.7/jars/parquet-encoding-1.8.1.jar"/>
	<classpathentry kind="lib" path="/home/iotlab/spark-2.1.1-bin-hadoop2.7/jars/parquet-common-1.8.1.jar"/>
	<classpathentry kind="lib" path="/home/iotlab/spark-2.1.1-bin-hadoop2.7/jars/parquet-column-1.8.1.jar"/>
	<classpathentry kind="lib" path="/home/iotlab/spark-2.1.1-bin-hadoop2.7/jars/paranamer-2.3.jar"/>
	<classpathentry kind="lib" path="/home/iotlab/spark-2.1.1-bin-hadoop2.7/jars/osgi-resource-locator-1.0.1.jar"/>
	<classpathentry kind="lib" path="/home/iotlab/spark-2.1.1-bin-hadoop2.7/jars/oro-2.0.8.jar"/>
	<classpathentry kind="lib" path="/home/iotlab/spark-2.1.1-bin-hadoop2.7/jars/opencsv-2.3.jar"/>
	<classpathentry kind="lib" path="/home/iotlab/spark-2.1.1-bin-hadoop2.7/jars/objenesis-2.1.jar"/>
	<classpathentry kind="lib" path="/home/iotlab/spark-2.1.1-bin-hadoop2.7/jars/netty-all-4.0.42.Final.jar"/>
	<classpathentry kind="lib" path="/home/iotlab/spark-2.1.1-bin-hadoop2.7/jars/netty-3.8.0.Final.jar"/>
	<classpathentry kind="lib" path="/home/iotlab/spark-2.1.1-bin-hadoop2.7/jars/mx4j-3.0.2.jar"/>
	<classpathentry kind="lib" path="/home/iotlab/spark-2.1.1-bin-hadoop2.7/jars/minlog-1.3.0.jar"/>
	<classpathentry kind="lib" path="/home/iotlab/spark-2.1.1-bin-hadoop2.7/jars/metrics-jvm-3.1.2.jar"/>
	<classpathentry kind="lib" path="/home/iotlab/spark-2.1.1-bin-hadoop2.7/jars/metrics-json-3.1.2.jar"/>
	<classpathentry kind="lib" path="/home/iotlab/spark-2.1.1-bin-hadoop2.7/jars/metrics-graphite-3.1.2.jar"/>
	<classpathentry kind="lib" path="/home/iotlab/spark-2.1.1-bin-hadoop2.7/jars/metrics-core-3.1.2.jar"/>
	<classpathentry kind="lib" path="/home/iotlab/spark-2.1.1-bin-hadoop2.7/jars/mesos-1.0.0-shaded-protobuf.jar"/>
	<classpathentry kind="lib" path="/home/iotlab/spark-2.1.1-bin-hadoop2.7/jars/mail-1.4.7.jar"/>
	<classpathentry kind="lib" path="/home/iotlab/spark-2.1.1-bin-hadoop2.7/jars/lz4-1.3.0.jar"/>
	<classpathentry kind="lib" path="/home/iotlab/spark-2.1.1-bin-hadoop2.7/jars/log4j-1.2.17.jar"/>
	<classpathentry kind="lib" path="/home/iotlab/spark-2.1.1-bin-hadoop2.7/jars/libthrift-0.9.3.jar"/>
	<classpathentry kind="lib" path="/home/iotlab/spark-2.1.1-bin-hadoop2.7/jars/libfb303-0.9.3.jar"/>
	<classpathentry kind="lib" path="/home/iotlab/spark-2.1.1-bin-hadoop2.7/jars/leveldbjni-all-1.8.jar"/>
	<classpathentry kind="lib" path="/home/iotlab/spark-2.1.1-bin-hadoop2.7/jars/kryo-shaded-3.0.3.jar"/>
	<classpathentry kind="lib" path="/home/iotlab/spark-2.1.1-bin-hadoop2.7/jars/jul-to-slf4j-1.7.16.jar"/>
	<classpathentry kind="lib" path="/home/iotlab/spark-2.1.1-bin-hadoop2.7/jars/jtransforms-2.4.0.jar"/>
	<classpathentry kind="lib" path="/home/iotlab/spark-2.1.1-bin-hadoop2.7/jars/jta-1.1.jar"/>
	<classpathentry kind="lib" path="/home/iotlab/spark-2.1.1-bin-hadoop2.7/jars/jsr305-1.3.9.jar"/>
	<classpathentry kind="lib" path="/home/iotlab/spark-2.1.1-bin-hadoop2.7/jars/jsp-api-2.1.jar"/>
	<classpathentry kind="lib" path="/home/iotlab/spark-2.1.1-bin-hadoop2.7/jars/json4s-jackson_2.11-3.2.11.jar"/>
	<classpathentry kind="lib" path="/home/iotlab/spark-2.1.1-bin-hadoop2.7/jars/json4s-core_2.11-3.2.11.jar"/>
	<classpathentry kind="lib" path="/home/iotlab/spark-2.1.1-bin-hadoop2.7/jars/json4s-ast_2.11-3.2.11.jar"/>
	<classpathentry kind="lib" path="/home/iotlab/spark-2.1.1-bin-hadoop2.7/jars/jpam-1.1.jar"/>
	<classpathentry kind="lib" path="/home/iotlab/spark-2.1.1-bin-hadoop2.7/jars/jodd-core-3.5.2.jar"/>
	<classpathentry kind="lib" path="/home/iotlab/spark-2.1.1-bin-hadoop2.7/jars/joda-time-2.9.3.jar"/>
	<classpathentry kind="lib" path="/home/iotlab/spark-2.1.1-bin-hadoop2.7/jars/jline-2.12.1.jar"/>
	<classpathentry kind="lib" path="/home/iotlab/spark-2.1.1-bin-hadoop2.7/jars/jetty-util-6.1.26.jar"/>
	<classpathentry kind="lib" path="/home/iotlab/spark-2.1.1-bin-hadoop2.7/jars/jetty-6.1.26.jar"/>
	<classpathentry kind="lib" path="/home/iotlab/spark-2.1.1-bin-hadoop2.7/jars/jets3t-0.9.3.jar"/>
	<classpathentry kind="lib" path="/home/iotlab/spark-2.1.1-bin-hadoop2.7/jars/jersey-server-2.22.2.jar"/>
	<classpathentry kind="lib" path="/home/iotlab/spark-2.1.1-bin-hadoop2.7/jars/jersey-media-jaxb-2.22.2.jar"/>
	<classpathentry kind="lib" path="/home/iotlab/spark-2.1.1-bin-hadoop2.7/jars/jersey-guava-2.22.2.jar"/>
	<classpathentry kind="lib" path="/home/iotlab/spark-2.1.1-bin-hadoop2.7/jars/jersey-container-servlet-core-2.22.2.jar"/>
	<classpathentry kind="lib" path="/home/iotlab/spark-2.1.1-bin-hadoop2.7/jars/jersey-container-servlet-2.22.2.jar"/>
	<classpathentry kind="lib" path="/home/iotlab/spark-2.1.1-bin-hadoop2.7/jars/jersey-common-2.22.2.jar"/>
	<classpathentry kind="lib" path="/home/iotlab/spark-2.1.1-bin-hadoop2.7/jars/jersey-client-2.22.2.jar"/>
	<classpathentry kind="lib" path="/home/iotlab/spark-2.1.1-bin-hadoop2.7/jars/jdo-api-3.0.1.jar"/>
	<classpathentry kind="lib" path="/home/iotlab/spark-2.1.1-bin-hadoop2.7/jars/jcl-over-slf4j-1.7.16.jar"/>
	<classpathentry kind="lib" path="/home/iotlab/spark-2.1.1-bin-hadoop2.7/jars/jaxb-api-2.2.2.jar"/>
	<classpathentry kind="lib" path="/home/iotlab/spark-2.1.1-bin-hadoop2.7/jars/javolution-5.5.1.jar"/>
	<classpathentry kind="lib" path="/home/iotlab/spark-2.1.1-bin-hadoop2.7/jars/java-xmlbuilder-1.0.jar"/>
	<classpathentry kind="lib" path="/home/iotlab/spark-2.1.1-bin-hadoop2.7/jars/javax.ws.rs-api-2.0.1.jar"/>
	<classpathentry kind="lib" path="/home/iotlab/spark-2.1.1-bin-hadoop2.7/jars/javax.servlet-api-3.1.0.jar"/>
	<classpathentry kind="lib" path="/home/iotlab/spark-2.1.1-bin-hadoop2.7/jars/javax.inject-2.4.0-b34.jar"/>
	<classpathentry kind="lib" path="/home/iotlab/spark-2.1.1-bin-hadoop2.7/jars/javax.inject-1.jar"/>
	<classpathentry kind="lib" path="/home/iotlab/spark-2.1.1-bin-hadoop2.7/jars/javax.annotation-api-1.2.jar"/>
	<classpathentry kind="lib" path="/home/iotlab/spark-2.1.1-bin-hadoop2.7/jars/javassist-3.18.1-GA.jar"/>
	<classpathentry kind="lib" path="/home/iotlab/spark-2.1.1-bin-hadoop2.7/jars/JavaEWAH-0.3.2.jar"/>
	<classpathentry kind="lib" path="/home/iotlab/spark-2.1.1-bin-hadoop2.7/jars/janino-3.0.0.jar"/>
	<classpathentry kind="lib" path="/home/iotlab/spark-2.1.1-bin-hadoop2.7/jars/jackson-xc-1.9.13.jar"/>
	<classpathentry kind="lib" path="/home/iotlab/spark-2.1.1-bin-hadoop2.7/jars/jackson-module-scala_2.11-2.6.5.jar"/>
	<classpathentry kind="lib" path="/home/iotlab/spark-2.1.1-bin-hadoop2.7/jars/jackson-module-paranamer-2.6.5.jar"/>
	<classpathentry kind="lib" path="/home/iotlab/spark-2.1.1-bin-hadoop2.7/jars/jackson-mapper-asl-1.9.13.jar"/>
	<classpathentry kind="lib" path="/home/iotlab/spark-2.1.1-bin-hadoop2.7/jars/jackson-jaxrs-1.9.13.jar"/>
	<classpathentry kind="lib" path="/home/iotlab/spark-2.1.1-bin-hadoop2.7/jars/jackson-databind-2.6.5.jar"/>
	<classpathentry kind="lib" path="/home/iotlab/spark-2.1.1-bin-hadoop2.7/jars/jackson-core-asl-1.9.13.jar"/>
	<classpathentry kind="lib" path="/home/iotlab/spark-2.1.1-bin-hadoop2.7/jars/jackson-core-2.6.5.jar"/>
	<classpathentry kind="lib" path="/home/iotlab/spark-2.1.1-bin-hadoop2.7/jars/jackson-annotations-2.6.5.jar"/>
	<classpathentry kind="lib" path="/home/iotlab/spark-2.1.1-bin-hadoop2.7/jars/ivy-2.4.0.jar"/>
	<classpathentry kind="lib" path="/home/iotlab/spark-2.1.1-bin-hadoop2.7/jars/httpcore-4.4.4.jar"/>
	<classpathentry kind="lib" path="/home/iotlab/spark-2.1.1-bin-hadoop2.7/jars/httpclient-4.5.2.jar"/>
	<classpathentry kind="lib" path="/home/iotlab/spark-2.1.1-bin-hadoop2.7/jars/htrace-core-3.1.0-incubating.jar"/>
	<classpathentry kind="lib" path="/home/iotlab/spark-2.1.1-bin-hadoop2.7/jars/hk2-utils-2.4.0-b34.jar"/>
	<classpathentry kind="lib" path="/home/iotlab/spark-2.1.1-bin-hadoop2.7/jars/hk2-locator-2.4.0-b34.jar"/>
	<classpathentry kind="lib" path="/home/iotlab/spark-2.1.1-bin-hadoop2.7/jars/hk2-api-2.4.0-b34.jar"/>
	<classpathentry kind="lib" path="/home/iotlab/spark-2.1.1-bin-hadoop2.7/jars/hive-metastore-1.2.1.spark2.jar"/>
	<classpathentry kind="lib" path="/home/iotlab/spark-2.1.1-bin-hadoop2.7/jars/hive-jdbc-1.2.1.spark2.jar"/>
	<classpathentry kind="lib" path="/home/iotlab/spark-2.1.1-bin-hadoop2.7/jars/hive-exec-1.2.1.spark2.jar"/>
	<classpathentry kind="lib" path="/home/iotlab/spark-2.1.1-bin-hadoop2.7/jars/hive-cli-1.2.1.spark2.jar"/>
	<classpathentry kind="lib" path="/home/iotlab/spark-2.1.1-bin-hadoop2.7/jars/hive-beeline-1.2.1.spark2.jar"/>
	<classpathentry kind="lib" path="/home/iotlab/spark-2.1.1-bin-hadoop2.7/jars/hadoop-yarn-server-web-proxy-2.7.3.jar"/>
	<classpathentry kind="lib" path="/home/iotlab/spark-2.1.1-bin-hadoop2.7/jars/hadoop-yarn-server-common-2.7.3.jar"/>
	<classpathentry kind="lib" path="/home/iotlab/spark-2.1.1-bin-hadoop2.7/jars/hadoop-yarn-common-2.7.3.jar"/>
	<classpathentry kind="lib" path="/home/iotlab/spark-2.1.1-bin-hadoop2.7/jars/hadoop-yarn-client-2.7.3.jar"/>
	<classpathentry kind="lib" path="/home/iotlab/spark-2.1.1-bin-hadoop2.7/jars/hadoop-yarn-api-2.7.3.jar"/>
	<classpathentry kind="lib" path="/home/iotlab/spark-2.1.1-bin-hadoop2.7/jars/hadoop-mapreduce-client-shuffle-2.7.3.jar"/>
	<classpathentry kind="lib" path="/home/iotlab/spark-2.1.1-bin-hadoop2.7/jars/hadoop-mapreduce-client-jobclient-2.7.3.jar"/>
	<classpathentry kind="lib" path="/home/iotlab/spark-2.1.1-bin-hadoop2.7/jars/hadoop-mapreduce-client-core-2.7.3.jar"/>
	<classpathentry kind="lib" path="/home/iotlab/spark-2.1.1-bin-hadoop2.7/jars/hadoop-mapreduce-client-common-2.7.3.jar"/>
	<classpathentry kind="lib" path="/home/iotlab/spark-2.1.1-bin-hadoop2.7/jars/hadoop-mapreduce-client-app-2.7.3.jar"/>
	<classpathentry kind="lib" path="/home/iotlab/spark-2.1.1-bin-hadoop2.7/jars/hadoop-hdfs-2.7.3.jar"/>
	<classpathentry kind="lib" path="/home/iotlab/spark-2.1.1-bin-hadoop2.7/jars/hadoop-common-2.7.3.jar"/>
	<classpathentry kind="lib" path="/home/iotlab/spark-2.1.1-bin-hadoop2.7/jars/hadoop-client-2.7.3.jar"/>
	<classpathentry kind="lib" path="/home/iotlab/spark-2.1.1-bin-hadoop2.7/jars/hadoop-auth-2.7.3.jar"/>
	<classpathentry kind="lib" path="/home/iotlab/spark-2.1.1-bin-hadoop2.7/jars/hadoop-annotations-2.7.3.jar"/>
	<classpathentry kind="lib" path="/home/iotlab/spark-2.1.1-bin-hadoop2.7/jars/guice-servlet-3.0.jar"/>
	<classpathentry kind="lib" path="/home/iotlab/spark-2.1.1-bin-hadoop2.7/jars/guice-3.0.jar"/>
	<classpathentry kind="lib" path="/home/iotlab/spark-2.1.1-bin-hadoop2.7/jars/guava-14.0.1.jar"/>
	<classpathentry kind="lib" path="/home/iotlab/spark-2.1.1-bin-hadoop2.7/jars/gson-2.2.4.jar"/>
	<classpathentry kind="lib" path="/home/iotlab/spark-2.1.1-bin-hadoop2.7/jars/eigenbase-properties-1.1.5.jar"/>
	<classpathentry kind="lib" path="/home/iotlab/spark-2.1.1-bin-hadoop2.7/jars/derby-10.12.1.1.jar"/>
	<classpathentry kind="lib" path="/home/iotlab/spark-2.1.1-bin-hadoop2.7/jars/datanucleus-rdbms-3.2.9.jar"/>
	<classpathentry kind="lib" path="/home/iotlab/spark-2.1.1-bin-hadoop2.7/jars/datanucleus-core-3.2.10.jar"/>
	<classpathentry kind="lib" path="/home/iotlab/spark-2.1.1-bin-hadoop2.7/jars/datanucleus-api-jdo-3.2.6.jar"/>
	<classpathentry kind="lib" path="/home/iotlab/spark-2.1.1-bin-hadoop2.7/jars/curator-recipes-2.6.0.jar"/>
	<classpathentry kind="lib" path="/home/iotlab/spark-2.1.1-bin-hadoop2.7/jars/curator-framework-2.6.0.jar"/>
	<classpathentry kind="lib" path="/home/iotlab/spark-2.1.1-bin-hadoop2.7/jars/curator-client-2.6.0.jar"/>
	<classpathentry kind="lib" path="/home/iotlab/spark-2.1.1-bin-hadoop2.7/jars/core-1.1.2.jar"/>
	<classpathentry kind="lib" path="/home/iotlab/spark-2.1.1-bin-hadoop2.7/jars/compress-lzf-1.0.3.jar"/>
	<classpathentry kind="lib" path="/home/iotlab/spark-2.1.1-bin-hadoop2.7/jars/commons-pool-1.5.4.jar"/>
	<classpathentry kind="lib" path="/home/iotlab/spark-2.1.1-bin-hadoop2.7/jars/commons-net-2.2.jar"/>
	<classpathentry kind="lib" path="/home/iotlab/spark-2.1.1-bin-hadoop2.7/jars/commons-math3-3.4.1.jar"/>
	<classpathentry kind="lib" path="/home/iotlab/spark-2.1.1-bin-hadoop2.7/jars/commons-logging-1.1.3.jar"/>
	<classpathentry kind="lib" path="/home/iotlab/spark-2.1.1-bin-hadoop2.7/jars/commons-lang-2.6.jar"/>
	<classpathentry kind="lib" path="/home/iotlab/spark-2.1.1-bin-hadoop2.7/jars/commons-lang3-3.5.jar"/>
	<classpathentry kind="lib" path="/home/iotlab/spark-2.1.1-bin-hadoop2.7/jars/commons-io-2.4.jar"/>
	<classpathentry kind="lib" path="/home/iotlab/spark-2.1.1-bin-hadoop2.7/jars/commons-httpclient-3.1.jar"/>
	<classpathentry kind="lib" path="/home/iotlab/spark-2.1.1-bin-hadoop2.7/jars/commons-digester-1.8.jar"/>
	<classpathentry kind="lib" path="/home/iotlab/spark-2.1.1-bin-hadoop2.7/jars/commons-dbcp-1.4.jar"/>
	<classpathentry kind="lib" path="/home/iotlab/spark-2.1.1-bin-hadoop2.7/jars/commons-crypto-1.0.0.jar"/>
	<classpathentry kind="lib" path="/home/iotlab/spark-2.1.1-bin-hadoop2.7/jars/commons-configuration-1.6.jar"/>
	<classpathentry kind="lib" path="/home/iotlab/spark-2.1.1-bin-hadoop2.7/jars/commons-compress-1.4.1.jar"/>
	<classpathentry kind="lib" path="/home/iotlab/spark-2.1.1-bin-hadoop2.7/jars/commons-compiler-3.0.0.jar"/>
	<classpathentry kind="lib" path="/home/iotlab/spark-2.1.1-bin-hadoop2.7/jars/commons-collections-3.2.2.jar"/>
	<classpathentry kind="lib" path="/home/iotlab/spark-2.1.1-bin-hadoop2.7/jars/commons-codec-1.10.jar"/>
	<classpathentry kind="lib" path="/home/iotlab/spark-2.1.1-bin-hadoop2.7/jars/commons-cli-1.2.jar"/>
	<classpathentry kind="lib" path="/home/iotlab/spark-2.1.1-bin-hadoop2.7/jars/commons-beanutils-core-1.8.0.jar"/>
	<classpathentry kind="lib" path="/home/iotlab/spark-2.1.1-bin-hadoop2.7/jars/commons-beanutils-1.7.0.jar"/>
	<classpathentry kind="lib" path="/home/iotlab/spark-2.1.1-bin-hadoop2.7/jars/chill-java-0.8.0.jar"/>
	<classpathentry kind="lib" path="/home/iotlab/spark-2.1.1-bin-hadoop2.7/jars/chill_2.11-0.8.0.jar"/>
	<classpathentry kind="lib" path="/home/iotlab/spark-2.1.1-bin-hadoop2.7/jars/calcite-linq4j-1.2.0-incubating.jar"/>
	<classpathentry kind="lib" path="/home/iotlab/spark-2.1.1-bin-hadoop2.7/jars/calcite-core-1.2.0-incubating.jar"/>
	<classpathentry kind="lib" path="/home/iotlab/spark-2.1.1-bin-hadoop2.7/jars/calcite-avatica-1.2.0-incubating.jar"/>
	<classpathentry kind="lib" path="/home/iotlab/spark-2.1.1-bin-hadoop2.7/jars/breeze-macros_2.11-0.12.jar"/>
	<classpathentry kind="lib" path="/home/iotlab/spark-2.1.1-bin-hadoop2.7/jars/breeze_2.11-0.12.jar"/>
	<classpathentry kind="lib" path="/home/iotlab/spark-2.1.1-bin-hadoop2.7/jars/bonecp-0.8.0.RELEASE.jar"/>
	<classpathentry kind="lib" path="/home/iotlab/spark-2.1.1-bin-hadoop2.7/jars/bcprov-jdk15on-1.51.jar"/>
	<classpathentry kind="lib" path="/home/iotlab/spark-2.1.1-bin-hadoop2.7/jars/base64-2.3.8.jar"/>
	<classpathentry kind="lib" path="/home/iotlab/spark-2.1.1-bin-hadoop2.7/jars/avro-mapred-1.7.7-hadoop2.jar"/>
	<classpathentry kind="lib" path="/home/iotlab/spark-2.1.1-bin-hadoop2.7/jars/avro-ipc-1.7.7.jar"/>
	<classpathentry kind="lib" path="/home/iotlab/spark-2.1.1-bin-hadoop2.7/jars/avro-1.7.7.jar"/>
	<classpathentry kind="lib" path="/home/iotlab/spark-2.1.1-bin-hadoop2.7/jars/arpack_combined_all-0.1.jar"/>
	<classpathentry kind="lib" path="/home/iotlab/spark-2.1.1-bin-hadoop2.7/jars/api-util-1.0.0-M20.jar"/>
	<classpathentry kind="lib" path="/home/iotlab/spark-2.1.1-bin-hadoop2.7/jars/api-asn1-api-1.0.0-M20.jar"/>
	<classpathentry kind="lib" path="/home/iotlab/spark-2.1.1-bin-hadoop2.7/jars/apache-log4j-extras-1.2.17.jar"/>
	<classpathentry kind="lib" path="/home/iotlab/spark-2.1.1-bin-hadoop2.7/jars/apacheds-kerberos-codec-2.0.0-M15.jar"/>
	<classpathentry kind="lib" path="/home/iotlab/spark-2.1.1-bin-hadoop2.7/jars/apacheds-i18n-2.0.0-M15.jar"/>
	<classpathentry kind="lib" path="/home/iotlab/spark-2.1.1-bin-hadoop2.7/jars/aopalliance-repackaged-2.4.0-b34.jar"/>
	<classpathentry kind="lib" path="/home/iotlab/spark-2.1.1-bin-hadoop2.7/jars/aopalliance-1.0.jar"/>
	<classpathentry kind="lib" path="/home/iotlab/spark-2.1.1-bin-hadoop2.7/jars/antlr-runtime-3.4.jar"/>
	<classpathentry kind="lib" path="/home/iotlab/spark-2.1.1-bin-hadoop2.7/jars/antlr-2.7.7.jar"/>
	<classpathentry kind="lib" path="/home/iotlab/spark-2.1.1-bin-hadoop2.7/jars/antlr4-runtime-4.5.3.jar"/>
	<classpathentry kind="lib" path="/home/iotlab/spark-2.1.1-bin-hadoop2.7/jars/activation-1.1.1.jar"/>
	<classpathentry kind="lib" path="/home/iotlab/kafka/libs/zookeeper-3.4.9.jar"/>
	<classpathentry kind="lib" path="/home/iotlab/kafka/libs/zkclient-0.10.jar"/>
	<classpathentry kind="lib" path="/home/iotlab/kafka/libs/validation-api-1.1.0.Final.jar"/>
	<classpathentry kind="lib" path="/home/iotlab/kafka/libs/snappy-java-1.1.2.6.jar"/>
	<classpathentry kind="lib" path="/home/iotlab/kafka/libs/scala-parser-combinators_2.11-1.0.4.jar"/>
	<classpathentry kind="lib" path="/home/iotlab/kafka/libs/scala-library-2.11.8.jar"/>
	<classpathentry kind="lib" path="/home/iotlab/kafka/libs/rocksdbjni-5.0.1.jar"/>
	<classpathentry kind="lib" path="/home/iotlab/kafka/libs/reflections-0.9.10.jar"/>
	<classpathentry kind="lib" path="/home/iotlab/kafka/libs/osgi-resource-locator-1.0.1.jar"/>
	<classpathentry kind="lib" path="/home/iotlab/kafka/libs/metrics-core-2.2.0.jar"/>
	<classpathentry kind="lib" path="/home/iotlab/kafka/libs/lz4-1.3.0.jar"/>
	<classpathentry kind="lib" path="/home/iotlab/kafka/libs/log4j-1.2.17.jar"/>
	<classpathentry kind="lib" path="/home/iotlab/kafka/libs/kafka-tools-0.10.2.1.jar"/>
	<classpathentry kind="lib" path="/home/iotlab/kafka/libs/kafka-streams-examples-0.10.2.1.jar"/>
	<classpathentry kind="lib" path="/home/iotlab/kafka/libs/kafka-streams-0.10.2.1.jar"/>
	<classpathentry kind="lib" path="/home/iotlab/kafka/libs/kafka-log4j-appender-0.10.2.1.jar"/>
	<classpathentry kind="lib" path="/home/iotlab/kafka/libs/kafka-clients-0.10.2.1.jar"/>
	<classpathentry kind="lib" path="/home/iotlab/kafka/libs/kafka_2.11-0.10.2.1-test-sources.jar"/>
	<classpathentry kind="lib" path="/home/iotlab/kafka/libs/kafka_2.11-0.10.2.1-test.jar"/>
	<classpathentry kind="lib" path="/home/iotlab/kafka/libs/kafka_2.11-0.10.2.1-sources.jar"/>
	<classpathentry kind="lib" path="/home/iotlab/kafka/libs/kafka_2.11-0.10.2.1-scaladoc.jar"/>
	<classpathentry kind="lib" path="/home/iotlab/kafka/libs/kafka_2.11-0.10.2.1-javadoc.jar"/>
	<classpathentry kind="lib" path="/home/iotlab/kafka/libs/kafka_2.11-0.10.2.1.jar"/>
	<classpathentry kind="lib" path="/home/iotlab/kafka/libs/jopt-simple-5.0.3.jar"/>
	<classpathentry kind="lib" path="/home/iotlab/kafka/libs/jetty-util-9.2.15.v20160210.jar"/>
	<classpathentry kind="lib" path="/home/iotlab/kafka/libs/jetty-servlets-9.2.15.v20160210.jar"/>
	<classpathentry kind="lib" path="/home/iotlab/kafka/libs/jetty-servlet-9.2.15.v20160210.jar"/>
	<classpathentry kind="lib" path="/home/iotlab/kafka/libs/jetty-server-9.2.15.v20160210.jar"/>
	<classpathentry kind="lib" path="/home/iotlab/kafka/libs/jetty-security-9.2.15.v20160210.jar"/>
	<classpathentry kind="lib" path="/home/iotlab/kafka/libs/jetty-io-9.2.15.v20160210.jar"/>
	<classpathentry kind="lib" path="/home/iotlab/kafka/libs/jetty-http-9.2.15.v20160210.jar"/>
	<classpathentry kind="lib" path="/home/iotlab/kafka/libs/jetty-continuation-9.2.15.v20160210.jar"/>
	<classpathentry kind="lib" path="/home/iotlab/kafka/libs/jersey-server-2.24.jar"/>
	<classpathentry kind="lib" path="/home/iotlab/kafka/libs/jersey-media-jaxb-2.24.jar"/>
	<classpathentry kind="lib" path="/home/iotlab/kafka/libs/jersey-guava-2.24.jar"/>
	<classpathentry kind="lib" path="/home/iotlab/kafka/libs/jersey-container-servlet-core-2.24.jar"/>
	<classpathentry kind="lib" path="/home/iotlab/kafka/libs/jersey-container-servlet-2.24.jar"/>
	<classpathentry kind="lib" path="/home/iotlab/kafka/libs/jersey-common-2.24.jar"/>
	<classpathentry kind="lib" path="/home/iotlab/kafka/libs/jersey-client-2.24.jar"/>
	<classpathentry kind="lib" path="/home/iotlab/kafka/libs/javax.ws.rs-api-2.0.1.jar"/>
	<classpathentry kind="lib" path="/home/iotlab/kafka/libs/javax.servlet-api-3.1.0.jar"/>
	<classpathentry kind="lib" path="/home/iotlab/kafka/libs/javax.inject-2.5.0-b05.jar"/>
	<classpathentry kind="lib" path="/home/iotlab/kafka/libs/javax.inject-1.jar"/>
	<classpathentry kind="lib" path="/home/iotlab/kafka/libs/javax.annotation-api-1.2.jar"/>
	<classpathentry kind="lib" path="/home/iotlab/kafka/libs/javassist-3.20.0-GA.jar"/>
	<classpathentry kind="lib" path="/home/iotlab/kafka/libs/jackson-module-jaxb-annotations-2.8.5.jar"/>
	<classpathentry kind="lib" path="/home/iotlab/kafka/libs/jackson-jaxrs-json-provider-2.8.5.jar"/>
	<classpathentry kind="lib" path="/home/iotlab/kafka/libs/jackson-jaxrs-base-2.8.5.jar"/>
	<classpathentry kind="lib" path="/home/iotlab/kafka/libs/jackson-databind-2.8.5.jar"/>
	<classpathentry kind="lib" path="/home/iotlab/kafka/libs/jackson-core-2.8.5.jar"/>
	<classpathentry kind="lib" path="/home/iotlab/kafka/libs/jackson-annotations-2.8.5.jar"/>
	<classpathentry kind="lib" path="/home/iotlab/kafka/libs/jackson-annotations-2.8.0.jar"/>
	<classpathentry kind="lib" path="/home/iotlab/kafka/libs/hk2-utils-2.5.0-b05.jar"/>
	<classpathentry kind="lib" path="/home/iotlab/kafka/libs/hk2-locator-2.5.0-b05.jar"/>
	<classpathentry kind="lib" path="/home/iotlab/kafka/libs/hk2-api-2.5.0-b05.jar"/>
	<classpathentry kind="lib" path="/home/iotlab/kafka/libs/guava-18.0.jar"/>
	<classpathentry kind="lib" path="/home/iotlab/kafka/libs/connect-transforms-0.10.2.1.jar"/>
	<classpathentry kind="lib" path="/home/iotlab/kafka/libs/connect-runtime-0.10.2.1.jar"/>
	<classpathentry kind="lib" path="/home/iotlab/kafka/libs/connect-json-0.10.2.1.jar"/>
	<classpathentry kind="lib" path="/home/iotlab/kafka/libs/connect-file-0.10.2.1.jar"/>
	<classpathentry kind="lib" path="/home/iotlab/kafka/libs/connect-api-0.10.2.1.jar"/>
	<classpathentry kind="lib" path="/home/iotlab/kafka/libs/argparse4j-0.7.0.jar"/>
	<classpathentry kind="lib" path="/home/iotlab/kafka/libs/aopalliance-repackaged-2.5.0-b05.jar"/>
	<classpathentry kind="lib" path="/home/iotlab/kafka/libs/mongo-java-driver-3.6.2.jar"/>
	<classpathentry kind="lib" path="/home/iotlab/kafka/libs/spark-streaming-kafka-0-10_2.11-2.2.0.jar"/>
	<classpathentry kind="lib" path="/home/iotlab/Downloads/best jars lib/spark-streaming-kafka_2.10-1.6.2.jar"/>
	<classpathentry kind="output" path="bin"/>
</classpath>
