<?xml version="1.0" encoding="UTF-8"?>
<projectDescription>
	<name>kafkaProject</name>
	<comment></comment>
	<projects>
	</projects>
	<buildSpec>
		<buildCommand>
			<name>org.eclipse.jdt.core.javabuilder</name>
			<arguments>
			</arguments>
		</buildCommand>
	</buildSpec>
	<natures>
		<nature>org.eclipse.jdt.core.javanature</nature>
	</natures>
	<linkedResources>
		<link>
			<name>src/ProducerSimple.java</name>
			<type>1</type>
			<location>/opt/eclipse-workspace/kafkaProject/src/ProducerSimple.java</location>
		</link>
	</linkedResources>
</projectDescription>
